country,generation,age,suicides_no
Albania,Generation Z,5-14 years,4
Albania,Generation Z,5-14 years,0
Albania,Generation Z,5-14 years,7
Albania,Generation Z,5-14 years,1
Albania,Generation Z,5-14 years,0
Albania,Generation Z,5-14 years,0
Albania,Generation Z,5-14 years,2
Albania,Generation Z,5-14 years,0
Antigua and Barbuda,Generation Z,5-14 years,0
Antigua and Barbuda,Generation Z,5-14 years,0
Antigua and Barbuda,Generation Z,5-14 years,0
Antigua and Barbuda,Generation Z,5-14 years,0
Antigua and Barbuda,Generation Z,5-14 years,0
Antigua and Barbuda,Generation Z,5-14 years,0
Antigua and Barbuda,Generation Z,5-14 years,0
Antigua and Barbuda,Generation Z,5-14 years,0
Antigua and Barbuda,Generation Z,5-14 years,0
Antigua and Barbuda,Generation Z,5-14 years,0
Antigua and Barbuda,Generation Z,5-14 years,0
Antigua and Barbuda,Generation Z,5-14 years,0
Antigua and Barbuda,Generation Z,5-14 years,0
Antigua and Barbuda,Generation Z,5-14 years,0
Argentina,Generation Z,5-14 years,45
Argentina,Generation Z,5-14 years,34
Argentina,Generation Z,5-14 years,39
Argentina,Generation Z,5-14 years,20
Argentina,Generation Z,5-14 years,34
Argentina,Generation Z,5-14 years,28
Argentina,Generation Z,5-14 years,33
Argentina,Generation Z,5-14 years,20
Argentina,Generation Z,5-14 years,29
Argentina,Generation Z,5-14 years,28
Argentina,Generation Z,5-14 years,29
Argentina,Generation Z,5-14 years,17
Argentina,Generation Z,5-14 years,32
Argentina,Generation Z,5-14 years,33
Argentina,Generation Z,5-14 years,35
Argentina,Generation Z,5-14 years,34
Argentina,Generation Z,5-14 years,39
Argentina,Generation Z,5-14 years,19
Armenia,Generation Z,5-14 years,1
Armenia,Generation Z,5-14 years,0
Armenia,Generation Z,5-14 years,1
Armenia,Generation Z,5-14 years,1
Armenia,Generation Z,5-14 years,0
Armenia,Generation Z,5-14 years,0
Armenia,Generation Z,5-14 years,2
Armenia,Generation Z,5-14 years,2
Armenia,Generation Z,5-14 years,0
Armenia,Generation Z,5-14 years,0
Armenia,Generation Z,5-14 years,1
Armenia,Generation Z,5-14 years,0
Armenia,Generation Z,5-14 years,1
Armenia,Generation Z,5-14 years,0
Armenia,Generation Z,5-14 years,1
Armenia,Generation Z,5-14 years,0
Armenia,Generation Z,5-14 years,0
Armenia,Generation Z,5-14 years,0
Aruba,Generation Z,5-14 years,0
Aruba,Generation Z,5-14 years,0
Aruba,Generation Z,5-14 years,0
Aruba,Generation Z,5-14 years,0
Aruba,Generation Z,5-14 years,0
Aruba,Generation Z,5-14 years,0
Aruba,Generation Z,5-14 years,0
Aruba,Generation Z,5-14 years,0
Aruba,Generation Z,5-14 years,0
Aruba,Generation Z,5-14 years,0
Australia,Generation Z,5-14 years,8
Australia,Generation Z,5-14 years,4
Australia,Generation Z,5-14 years,8
Australia,Generation Z,5-14 years,3
Australia,Generation Z,5-14 years,3
Australia,Generation Z,5-14 years,0
Australia,Generation Z,5-14 years,7
Australia,Generation Z,5-14 years,4
Australia,Generation Z,5-14 years,9
Australia,Generation Z,5-14 years,7
Australia,Generation Z,5-14 years,10
Australia,Generation Z,5-14 years,6
Australia,Generation Z,5-14 years,16
Australia,Generation Z,5-14 years,6
Australia,Generation Z,5-14 years,15
Australia,Generation Z,5-14 years,6
Australia,Generation Z,5-14 years,8
Australia,Generation Z,5-14 years,6
Austria,Generation Z,5-14 years,2
Austria,Generation Z,5-14 years,0
Austria,Generation Z,5-14 years,2
Austria,Generation Z,5-14 years,2
Austria,Generation Z,5-14 years,5
Austria,Generation Z,5-14 years,3
Austria,Generation Z,5-14 years,2
Austria,Generation Z,5-14 years,1
Austria,Generation Z,5-14 years,3
Austria,Generation Z,5-14 years,1
Austria,Generation Z,5-14 years,3
Austria,Generation Z,5-14 years,1
Austria,Generation Z,5-14 years,3
Austria,Generation Z,5-14 years,1
Austria,Generation Z,5-14 years,2
Austria,Generation Z,5-14 years,0
Austria,Generation Z,5-14 years,1
Austria,Generation Z,5-14 years,1
Azerbaijan,Generation Z,5-14 years,4
Azerbaijan,Generation Z,5-14 years,0
Bahamas,Generation Z,5-14 years,0
Bahamas,Generation Z,5-14 years,0
Bahamas,Generation Z,5-14 years,1
Bahamas,Generation Z,5-14 years,0
Bahamas,Generation Z,5-14 years,0
Bahamas,Generation Z,5-14 years,0
Bahamas,Generation Z,5-14 years,0
Bahamas,Generation Z,5-14 years,0
Bahamas,Generation Z,5-14 years,0
Bahamas,Generation Z,5-14 years,0
Bahamas,Generation Z,5-14 years,0
Bahamas,Generation Z,5-14 years,0
Bahamas,Generation Z,5-14 years,0
Bahamas,Generation Z,5-14 years,0
Bahrain,Generation Z,5-14 years,0
Bahrain,Generation Z,5-14 years,0
Bahrain,Generation Z,5-14 years,0
Bahrain,Generation Z,5-14 years,0
Bahrain,Generation Z,5-14 years,2
Bahrain,Generation Z,5-14 years,0
Bahrain,Generation Z,5-14 years,0
Bahrain,Generation Z,5-14 years,0
Bahrain,Generation Z,5-14 years,1
Bahrain,Generation Z,5-14 years,0
Bahrain,Generation Z,5-14 years,0
Bahrain,Generation Z,5-14 years,0
Bahrain,Generation Z,5-14 years,0
Bahrain,Generation Z,5-14 years,0
Bahrain,Generation Z,5-14 years,0
Bahrain,Generation Z,5-14 years,0
Barbados,Generation Z,5-14 years,0
Barbados,Generation Z,5-14 years,0
Barbados,Generation Z,5-14 years,0
Barbados,Generation Z,5-14 years,0
Barbados,Generation Z,5-14 years,0
Barbados,Generation Z,5-14 years,0
Barbados,Generation Z,5-14 years,0
Barbados,Generation Z,5-14 years,0
Barbados,Generation Z,5-14 years,0
Barbados,Generation Z,5-14 years,0
Barbados,Generation Z,5-14 years,0
Barbados,Generation Z,5-14 years,0
Barbados,Generation Z,5-14 years,0
Barbados,Generation Z,5-14 years,0
Belarus,Generation Z,5-14 years,9
Belarus,Generation Z,5-14 years,3
Belarus,Generation Z,5-14 years,5
Belarus,Generation Z,5-14 years,2
Belarus,Generation Z,5-14 years,9
Belarus,Generation Z,5-14 years,3
Belarus,Generation Z,5-14 years,5
Belarus,Generation Z,5-14 years,1
Belarus,Generation Z,5-14 years,10
Belarus,Generation Z,5-14 years,1
Belarus,Generation Z,5-14 years,5
Belarus,Generation Z,5-14 years,1
Belarus,Generation Z,5-14 years,6
Belarus,Generation Z,5-14 years,2
Belgium,Generation Z,5-14 years,6
Belgium,Generation Z,5-14 years,1
Belgium,Generation Z,5-14 years,5
Belgium,Generation Z,5-14 years,3
Belgium,Generation Z,5-14 years,4
Belgium,Generation Z,5-14 years,4
Belgium,Generation Z,5-14 years,7
Belgium,Generation Z,5-14 years,2
Belgium,Generation Z,5-14 years,5
Belgium,Generation Z,5-14 years,0
Belgium,Generation Z,5-14 years,3
Belgium,Generation Z,5-14 years,3
Belgium,Generation Z,5-14 years,3
Belgium,Generation Z,5-14 years,2
Belgium,Generation Z,5-14 years,4
Belgium,Generation Z,5-14 years,0
Belgium,Generation Z,5-14 years,2
Belgium,Generation Z,5-14 years,2
Belize,Generation Z,5-14 years,1
Belize,Generation Z,5-14 years,0
Belize,Generation Z,5-14 years,0
Belize,Generation Z,5-14 years,0
Belize,Generation Z,5-14 years,0
Belize,Generation Z,5-14 years,0
Belize,Generation Z,5-14 years,0
Belize,Generation Z,5-14 years,0
Belize,Generation Z,5-14 years,0
Belize,Generation Z,5-14 years,0
Belize,Generation Z,5-14 years,0
Belize,Generation Z,5-14 years,0
Belize,Generation Z,5-14 years,0
Belize,Generation Z,5-14 years,0
Belize,Generation Z,5-14 years,2
Belize,Generation Z,5-14 years,0
Belize,Generation Z,5-14 years,3
Belize,Generation Z,5-14 years,0
Bosnia and Herzegovina,Generation Z,5-14 years,0
Bosnia and Herzegovina,Generation Z,5-14 years,0
Bosnia and Herzegovina,Generation Z,5-14 years,1
Bosnia and Herzegovina,Generation Z,5-14 years,0
Brazil,Generation Z,5-14 years,67
Brazil,Generation Z,5-14 years,51
Brazil,Generation Z,5-14 years,55
Brazil,Generation Z,5-14 years,49
Brazil,Generation Z,5-14 years,62
Brazil,Generation Z,5-14 years,52
Brazil,Generation Z,5-14 years,56
Brazil,Generation Z,5-14 years,48
Brazil,Generation Z,5-14 years,63
Brazil,Generation Z,5-14 years,47
Brazil,Generation Z,5-14 years,79
Brazil,Generation Z,5-14 years,41
Brazil,Generation Z,5-14 years,72
Brazil,Generation Z,5-14 years,50
Brazil,Generation Z,5-14 years,84
Brazil,Generation Z,5-14 years,62
Brazil,Generation Z,5-14 years,79
Brazil,Generation Z,5-14 years,56
Bulgaria,Generation Z,5-14 years,5
Bulgaria,Generation Z,5-14 years,0
Bulgaria,Generation Z,5-14 years,1
Bulgaria,Generation Z,5-14 years,1
Bulgaria,Generation Z,5-14 years,1
Bulgaria,Generation Z,5-14 years,0
Bulgaria,Generation Z,5-14 years,1
Bulgaria,Generation Z,5-14 years,0
Bulgaria,Generation Z,5-14 years,2
Bulgaria,Generation Z,5-14 years,0
Bulgaria,Generation Z,5-14 years,1
Bulgaria,Generation Z,5-14 years,0
Bulgaria,Generation Z,5-14 years,1
Bulgaria,Generation Z,5-14 years,1
Bulgaria,Generation Z,5-14 years,2
Bulgaria,Generation Z,5-14 years,0
Cabo Verde,Generation Z,5-14 years,3
Cabo Verde,Generation Z,5-14 years,0
Canada,Generation Z,5-14 years,18
Canada,Generation Z,5-14 years,15
Canada,Generation Z,5-14 years,16
Canada,Generation Z,5-14 years,9
Canada,Generation Z,5-14 years,13
Canada,Generation Z,5-14 years,12
Canada,Generation Z,5-14 years,19
Canada,Generation Z,5-14 years,13
Canada,Generation Z,5-14 years,18
Canada,Generation Z,5-14 years,13
Canada,Generation Z,5-14 years,17
Canada,Generation Z,5-14 years,17
Canada,Generation Z,5-14 years,20
Canada,Generation Z,5-14 years,15
Chile,Generation Z,5-14 years,19
Chile,Generation Z,5-14 years,9
Chile,Generation Z,5-14 years,16
Chile,Generation Z,5-14 years,14
Chile,Generation Z,5-14 years,15
Chile,Generation Z,5-14 years,11
Chile,Generation Z,5-14 years,18
Chile,Generation Z,5-14 years,10
Chile,Generation Z,5-14 years,12
Chile,Generation Z,5-14 years,12
Chile,Generation Z,5-14 years,8
Chile,Generation Z,5-14 years,7
Chile,Generation Z,5-14 years,12
Chile,Generation Z,5-14 years,8
Chile,Generation Z,5-14 years,12
Chile,Generation Z,5-14 years,9
Chile,Generation Z,5-14 years,13
Chile,Generation Z,5-14 years,9
Colombia,Generation Z,5-14 years,40
Colombia,Generation Z,5-14 years,37
Colombia,Generation Z,5-14 years,47
Colombia,Generation Z,5-14 years,43
Colombia,Generation Z,5-14 years,54
Colombia,Generation Z,5-14 years,32
Colombia,Generation Z,5-14 years,41
Colombia,Generation Z,5-14 years,39
Colombia,Generation Z,5-14 years,41
Colombia,Generation Z,5-14 years,34
Colombia,Generation Z,5-14 years,44
Colombia,Generation Z,5-14 years,33
Colombia,Generation Z,5-14 years,41
Colombia,Generation Z,5-14 years,36
Colombia,Generation Z,5-14 years,37
Colombia,Generation Z,5-14 years,27
Colombia,Generation Z,5-14 years,44
Colombia,Generation Z,5-14 years,39
Costa Rica,Generation Z,5-14 years,1
Costa Rica,Generation Z,5-14 years,1
Costa Rica,Generation Z,5-14 years,2
Costa Rica,Generation Z,5-14 years,1
Costa Rica,Generation Z,5-14 years,3
Costa Rica,Generation Z,5-14 years,1
Costa Rica,Generation Z,5-14 years,5
Costa Rica,Generation Z,5-14 years,0
Costa Rica,Generation Z,5-14 years,5
Costa Rica,Generation Z,5-14 years,2
Costa Rica,Generation Z,5-14 years,5
Costa Rica,Generation Z,5-14 years,3
Costa Rica,Generation Z,5-14 years,6
Costa Rica,Generation Z,5-14 years,1
Costa Rica,Generation Z,5-14 years,3
Costa Rica,Generation Z,5-14 years,3
Croatia,Generation Z,5-14 years,2
Croatia,Generation Z,5-14 years,2
Croatia,Generation Z,5-14 years,3
Croatia,Generation Z,5-14 years,1
Croatia,Generation Z,5-14 years,3
Croatia,Generation Z,5-14 years,0
Croatia,Generation Z,5-14 years,1
Croatia,Generation Z,5-14 years,0
Croatia,Generation Z,5-14 years,2
Croatia,Generation Z,5-14 years,0
Croatia,Generation Z,5-14 years,3
Croatia,Generation Z,5-14 years,1
Croatia,Generation Z,5-14 years,1
Croatia,Generation Z,5-14 years,0
Croatia,Generation Z,5-14 years,1
Croatia,Generation Z,5-14 years,0
Croatia,Generation Z,5-14 years,2
Croatia,Generation Z,5-14 years,1
Cuba,Generation Z,5-14 years,2
Cuba,Generation Z,5-14 years,0
Cuba,Generation Z,5-14 years,2
Cuba,Generation Z,5-14 years,1
Cuba,Generation Z,5-14 years,3
Cuba,Generation Z,5-14 years,1
Cuba,Generation Z,5-14 years,7
Cuba,Generation Z,5-14 years,4
Cuba,Generation Z,5-14 years,4
Cuba,Generation Z,5-14 years,3
Cuba,Generation Z,5-14 years,6
Cuba,Generation Z,5-14 years,2
Cuba,Generation Z,5-14 years,5
Cuba,Generation Z,5-14 years,4
Cuba,Generation Z,5-14 years,9
Cuba,Generation Z,5-14 years,2
Cuba,Generation Z,5-14 years,4
Cuba,Generation Z,5-14 years,0
Cyprus,Generation Z,5-14 years,0
Cyprus,Generation Z,5-14 years,0
Cyprus,Generation Z,5-14 years,0
Cyprus,Generation Z,5-14 years,0
Cyprus,Generation Z,5-14 years,0
Cyprus,Generation Z,5-14 years,0
Cyprus,Generation Z,5-14 years,0
Cyprus,Generation Z,5-14 years,0
Cyprus,Generation Z,5-14 years,0
Cyprus,Generation Z,5-14 years,0
Cyprus,Generation Z,5-14 years,0
Cyprus,Generation Z,5-14 years,0
Cyprus,Generation Z,5-14 years,0
Cyprus,Generation Z,5-14 years,0
Cyprus,Generation Z,5-14 years,0
Cyprus,Generation Z,5-14 years,0
Cyprus,Generation Z,5-14 years,0
Cyprus,Generation Z,5-14 years,0
Czech Republic,Generation Z,5-14 years,2
Czech Republic,Generation Z,5-14 years,0
Czech Republic,Generation Z,5-14 years,3
Czech Republic,Generation Z,5-14 years,1
Czech Republic,Generation Z,5-14 years,2
Czech Republic,Generation Z,5-14 years,1
Czech Republic,Generation Z,5-14 years,1
Czech Republic,Generation Z,5-14 years,0
Czech Republic,Generation Z,5-14 years,2
Czech Republic,Generation Z,5-14 years,0
Czech Republic,Generation Z,5-14 years,3
Czech Republic,Generation Z,5-14 years,1
Czech Republic,Generation Z,5-14 years,5
Czech Republic,Generation Z,5-14 years,2
Czech Republic,Generation Z,5-14 years,1
Czech Republic,Generation Z,5-14 years,1
Czech Republic,Generation Z,5-14 years,5
Czech Republic,Generation Z,5-14 years,2
Denmark,Generation Z,5-14 years,2
Denmark,Generation Z,5-14 years,0
Denmark,Generation Z,5-14 years,2
Denmark,Generation Z,5-14 years,1
Denmark,Generation Z,5-14 years,2
Denmark,Generation Z,5-14 years,1
Denmark,Generation Z,5-14 years,0
Denmark,Generation Z,5-14 years,0
Denmark,Generation Z,5-14 years,0
Denmark,Generation Z,5-14 years,0
Denmark,Generation Z,5-14 years,1
Denmark,Generation Z,5-14 years,0
Denmark,Generation Z,5-14 years,1
Denmark,Generation Z,5-14 years,1
Denmark,Generation Z,5-14 years,1
Denmark,Generation Z,5-14 years,1
Denmark,Generation Z,5-14 years,3
Denmark,Generation Z,5-14 years,0
Ecuador,Generation Z,5-14 years,45
Ecuador,Generation Z,5-14 years,23
Ecuador,Generation Z,5-14 years,24
Ecuador,Generation Z,5-14 years,22
Ecuador,Generation Z,5-14 years,23
Ecuador,Generation Z,5-14 years,20
Ecuador,Generation Z,5-14 years,26
Ecuador,Generation Z,5-14 years,18
Ecuador,Generation Z,5-14 years,32
Ecuador,Generation Z,5-14 years,32
Ecuador,Generation Z,5-14 years,39
Ecuador,Generation Z,5-14 years,27
Ecuador,Generation Z,5-14 years,29
Ecuador,Generation Z,5-14 years,20
Ecuador,Generation Z,5-14 years,28
Ecuador,Generation Z,5-14 years,18
Ecuador,Generation Z,5-14 years,35
Ecuador,Generation Z,5-14 years,27
El Salvador,Generation Z,5-14 years,9
El Salvador,Generation Z,5-14 years,5
El Salvador,Generation Z,5-14 years,5
El Salvador,Generation Z,5-14 years,5
El Salvador,Generation Z,5-14 years,6
El Salvador,Generation Z,5-14 years,3
El Salvador,Generation Z,5-14 years,7
El Salvador,Generation Z,5-14 years,1
El Salvador,Generation Z,5-14 years,12
El Salvador,Generation Z,5-14 years,12
El Salvador,Generation Z,5-14 years,11
El Salvador,Generation Z,5-14 years,9
El Salvador,Generation Z,5-14 years,7
El Salvador,Generation Z,5-14 years,6
El Salvador,Generation Z,5-14 years,4
El Salvador,Generation Z,5-14 years,2
Estonia,Generation Z,5-14 years,0
Estonia,Generation Z,5-14 years,0
Estonia,Generation Z,5-14 years,1
Estonia,Generation Z,5-14 years,1
Estonia,Generation Z,5-14 years,0
Estonia,Generation Z,5-14 years,0
Estonia,Generation Z,5-14 years,0
Estonia,Generation Z,5-14 years,0
Estonia,Generation Z,5-14 years,0
Estonia,Generation Z,5-14 years,0
Estonia,Generation Z,5-14 years,2
Estonia,Generation Z,5-14 years,0
Estonia,Generation Z,5-14 years,1
Estonia,Generation Z,5-14 years,0
Estonia,Generation Z,5-14 years,2
Estonia,Generation Z,5-14 years,0
Estonia,Generation Z,5-14 years,1
Estonia,Generation Z,5-14 years,1
Fiji,Generation Z,5-14 years,0
Fiji,Generation Z,5-14 years,0
Fiji,Generation Z,5-14 years,1
Fiji,Generation Z,5-14 years,0
Fiji,Generation Z,5-14 years,0
Fiji,Generation Z,5-14 years,0
Fiji,Generation Z,5-14 years,0
Fiji,Generation Z,5-14 years,0
Fiji,Generation Z,5-14 years,0
Fiji,Generation Z,5-14 years,0
Finland,Generation Z,5-14 years,3
Finland,Generation Z,5-14 years,0
Finland,Generation Z,5-14 years,2
Finland,Generation Z,5-14 years,2
Finland,Generation Z,5-14 years,1
Finland,Generation Z,5-14 years,0
Finland,Generation Z,5-14 years,1
Finland,Generation Z,5-14 years,0
Finland,Generation Z,5-14 years,2
Finland,Generation Z,5-14 years,0
Finland,Generation Z,5-14 years,0
Finland,Generation Z,5-14 years,0
Finland,Generation Z,5-14 years,1
Finland,Generation Z,5-14 years,1
Finland,Generation Z,5-14 years,1
Finland,Generation Z,5-14 years,1
Finland,Generation Z,5-14 years,5
Finland,Generation Z,5-14 years,0
France,Generation Z,5-14 years,16
France,Generation Z,5-14 years,6
France,Generation Z,5-14 years,20
France,Generation Z,5-14 years,6
France,Generation Z,5-14 years,26
France,Generation Z,5-14 years,11
France,Generation Z,5-14 years,23
France,Generation Z,5-14 years,17
France,Generation Z,5-14 years,23
France,Generation Z,5-14 years,13
France,Generation Z,5-14 years,22
France,Generation Z,5-14 years,11
France,Generation Z,5-14 years,18
France,Generation Z,5-14 years,11
France,Generation Z,5-14 years,14
France,Generation Z,5-14 years,12
Georgia,Generation Z,5-14 years,0
Georgia,Generation Z,5-14 years,0
Georgia,Generation Z,5-14 years,3
Georgia,Generation Z,5-14 years,1
Georgia,Generation Z,5-14 years,1
Georgia,Generation Z,5-14 years,0
Georgia,Generation Z,5-14 years,1
Georgia,Generation Z,5-14 years,0
Georgia,Generation Z,5-14 years,1
Georgia,Generation Z,5-14 years,0
Georgia,Generation Z,5-14 years,2
Georgia,Generation Z,5-14 years,1
Georgia,Generation Z,5-14 years,0
Georgia,Generation Z,5-14 years,0
Georgia,Generation Z,5-14 years,1
Georgia,Generation Z,5-14 years,0
Germany,Generation Z,5-14 years,15
Germany,Generation Z,5-14 years,9
Germany,Generation Z,5-14 years,11
Germany,Generation Z,5-14 years,6
Germany,Generation Z,5-14 years,12
Germany,Generation Z,5-14 years,9
Germany,Generation Z,5-14 years,22
Germany,Generation Z,5-14 years,6
Germany,Generation Z,5-14 years,12
Germany,Generation Z,5-14 years,9
Germany,Generation Z,5-14 years,11
Germany,Generation Z,5-14 years,9
Germany,Generation Z,5-14 years,12
Germany,Generation Z,5-14 years,6
Germany,Generation Z,5-14 years,20
Germany,Generation Z,5-14 years,8
Germany,Generation Z,5-14 years,13
Germany,Generation Z,5-14 years,6
Greece,Generation Z,5-14 years,1
Greece,Generation Z,5-14 years,0
Greece,Generation Z,5-14 years,0
Greece,Generation Z,5-14 years,0
Greece,Generation Z,5-14 years,0
Greece,Generation Z,5-14 years,0
Greece,Generation Z,5-14 years,0
Greece,Generation Z,5-14 years,0
Greece,Generation Z,5-14 years,0
Greece,Generation Z,5-14 years,0
Greece,Generation Z,5-14 years,1
Greece,Generation Z,5-14 years,0
Greece,Generation Z,5-14 years,1
Greece,Generation Z,5-14 years,0
Greece,Generation Z,5-14 years,1
Greece,Generation Z,5-14 years,0
Greece,Generation Z,5-14 years,0
Greece,Generation Z,5-14 years,0
Grenada,Generation Z,5-14 years,0
Grenada,Generation Z,5-14 years,0
Grenada,Generation Z,5-14 years,0
Grenada,Generation Z,5-14 years,0
Grenada,Generation Z,5-14 years,0
Grenada,Generation Z,5-14 years,0
Grenada,Generation Z,5-14 years,0
Grenada,Generation Z,5-14 years,0
Grenada,Generation Z,5-14 years,0
Grenada,Generation Z,5-14 years,0
Grenada,Generation Z,5-14 years,0
Grenada,Generation Z,5-14 years,0
Grenada,Generation Z,5-14 years,0
Grenada,Generation Z,5-14 years,0
Grenada,Generation Z,5-14 years,0
Grenada,Generation Z,5-14 years,0
Grenada,Generation Z,5-14 years,0
Grenada,Generation Z,5-14 years,0
Guatemala,Generation Z,5-14 years,7
Guatemala,Generation Z,5-14 years,3
Guatemala,Generation Z,5-14 years,16
Guatemala,Generation Z,5-14 years,8
Guatemala,Generation Z,5-14 years,10
Guatemala,Generation Z,5-14 years,7
Guatemala,Generation Z,5-14 years,7
Guatemala,Generation Z,5-14 years,6
Guatemala,Generation Z,5-14 years,12
Guatemala,Generation Z,5-14 years,5
Guatemala,Generation Z,5-14 years,12
Guatemala,Generation Z,5-14 years,9
Guatemala,Generation Z,5-14 years,10
Guatemala,Generation Z,5-14 years,8
Guatemala,Generation Z,5-14 years,13
Guatemala,Generation Z,5-14 years,6
Guatemala,Generation Z,5-14 years,13
Guatemala,Generation Z,5-14 years,11
Guyana,Generation Z,5-14 years,3
Guyana,Generation Z,5-14 years,1
Guyana,Generation Z,5-14 years,4
Guyana,Generation Z,5-14 years,0
Guyana,Generation Z,5-14 years,6
Guyana,Generation Z,5-14 years,1
Guyana,Generation Z,5-14 years,5
Guyana,Generation Z,5-14 years,2
Guyana,Generation Z,5-14 years,4
Guyana,Generation Z,5-14 years,3
Guyana,Generation Z,5-14 years,4
Guyana,Generation Z,5-14 years,2
Guyana,Generation Z,5-14 years,1
Guyana,Generation Z,5-14 years,1
Hungary,Generation Z,5-14 years,2
Hungary,Generation Z,5-14 years,0
Hungary,Generation Z,5-14 years,4
Hungary,Generation Z,5-14 years,0
Hungary,Generation Z,5-14 years,4
Hungary,Generation Z,5-14 years,3
Hungary,Generation Z,5-14 years,2
Hungary,Generation Z,5-14 years,1
Hungary,Generation Z,5-14 years,3
Hungary,Generation Z,5-14 years,3
Hungary,Generation Z,5-14 years,2
Hungary,Generation Z,5-14 years,0
Hungary,Generation Z,5-14 years,1
Hungary,Generation Z,5-14 years,0
Hungary,Generation Z,5-14 years,2
Hungary,Generation Z,5-14 years,0
Hungary,Generation Z,5-14 years,2
Hungary,Generation Z,5-14 years,1
Iceland,Generation Z,5-14 years,0
Iceland,Generation Z,5-14 years,0
Iceland,Generation Z,5-14 years,0
Iceland,Generation Z,5-14 years,0
Iceland,Generation Z,5-14 years,0
Iceland,Generation Z,5-14 years,0
Iceland,Generation Z,5-14 years,1
Iceland,Generation Z,5-14 years,0
Iceland,Generation Z,5-14 years,1
Iceland,Generation Z,5-14 years,0
Iceland,Generation Z,5-14 years,0
Iceland,Generation Z,5-14 years,0
Iceland,Generation Z,5-14 years,0
Iceland,Generation Z,5-14 years,0
Iceland,Generation Z,5-14 years,0
Iceland,Generation Z,5-14 years,0
Iceland,Generation Z,5-14 years,0
Iceland,Generation Z,5-14 years,0
Ireland,Generation Z,5-14 years,7
Ireland,Generation Z,5-14 years,1
Ireland,Generation Z,5-14 years,3
Ireland,Generation Z,5-14 years,0
Ireland,Generation Z,5-14 years,3
Ireland,Generation Z,5-14 years,1
Ireland,Generation Z,5-14 years,3
Ireland,Generation Z,5-14 years,3
Ireland,Generation Z,5-14 years,0
Ireland,Generation Z,5-14 years,0
Ireland,Generation Z,5-14 years,3
Ireland,Generation Z,5-14 years,1
Ireland,Generation Z,5-14 years,2
Ireland,Generation Z,5-14 years,0
Ireland,Generation Z,5-14 years,2
Ireland,Generation Z,5-14 years,0
Israel,Generation Z,5-14 years,3
Israel,Generation Z,5-14 years,0
Israel,Generation Z,5-14 years,2
Israel,Generation Z,5-14 years,2
Israel,Generation Z,5-14 years,4
Israel,Generation Z,5-14 years,1
Israel,Generation Z,5-14 years,3
Israel,Generation Z,5-14 years,2
Israel,Generation Z,5-14 years,1
Israel,Generation Z,5-14 years,0
Israel,Generation Z,5-14 years,3
Israel,Generation Z,5-14 years,0
Israel,Generation Z,5-14 years,7
Israel,Generation Z,5-14 years,0
Israel,Generation Z,5-14 years,7
Israel,Generation Z,5-14 years,1
Israel,Generation Z,5-14 years,2
Israel,Generation Z,5-14 years,1
Italy,Generation Z,5-14 years,5
Italy,Generation Z,5-14 years,4
Italy,Generation Z,5-14 years,3
Italy,Generation Z,5-14 years,2
Italy,Generation Z,5-14 years,6
Italy,Generation Z,5-14 years,2
Italy,Generation Z,5-14 years,10
Italy,Generation Z,5-14 years,1
Italy,Generation Z,5-14 years,4
Italy,Generation Z,5-14 years,2
Italy,Generation Z,5-14 years,4
Italy,Generation Z,5-14 years,4
Italy,Generation Z,5-14 years,7
Italy,Generation Z,5-14 years,4
Italy,Generation Z,5-14 years,7
Italy,Generation Z,5-14 years,5
Italy,Generation Z,5-14 years,7
Italy,Generation Z,5-14 years,6
Jamaica,Generation Z,5-14 years,1
Jamaica,Generation Z,5-14 years,0
Jamaica,Generation Z,5-14 years,1
Jamaica,Generation Z,5-14 years,0
Jamaica,Generation Z,5-14 years,3
Jamaica,Generation Z,5-14 years,3
Japan,Generation Z,5-14 years,31
Japan,Generation Z,5-14 years,16
Japan,Generation Z,5-14 years,41
Japan,Generation Z,5-14 years,18
Japan,Generation Z,5-14 years,34
Japan,Generation Z,5-14 years,21
Japan,Generation Z,5-14 years,42
Japan,Generation Z,5-14 years,21
Japan,Generation Z,5-14 years,52
Japan,Generation Z,5-14 years,22
Japan,Generation Z,5-14 years,55
Japan,Generation Z,5-14 years,20
Japan,Generation Z,5-14 years,58
Japan,Generation Z,5-14 years,34
Japan,Generation Z,5-14 years,68
Japan,Generation Z,5-14 years,34
Japan,Generation Z,5-14 years,62
Japan,Generation Z,5-14 years,28
Kazakhstan,Generation Z,5-14 years,89
Kazakhstan,Generation Z,5-14 years,30
Kazakhstan,Generation Z,5-14 years,66
Kazakhstan,Generation Z,5-14 years,19
Kazakhstan,Generation Z,5-14 years,43
Kazakhstan,Generation Z,5-14 years,26
Kazakhstan,Generation Z,5-14 years,49
Kazakhstan,Generation Z,5-14 years,25
Kazakhstan,Generation Z,5-14 years,38
Kazakhstan,Generation Z,5-14 years,21
Kazakhstan,Generation Z,5-14 years,33
Kazakhstan,Generation Z,5-14 years,7
Kazakhstan,Generation Z,5-14 years,42
Kazakhstan,Generation Z,5-14 years,27
Kazakhstan,Generation Z,5-14 years,38
Kazakhstan,Generation Z,5-14 years,18
Kazakhstan,Generation Z,5-14 years,30
Kazakhstan,Generation Z,5-14 years,13
Kuwait,Generation Z,5-14 years,0
Kuwait,Generation Z,5-14 years,0
Kuwait,Generation Z,5-14 years,0
Kuwait,Generation Z,5-14 years,0
Kuwait,Generation Z,5-14 years,0
Kuwait,Generation Z,5-14 years,0
Kuwait,Generation Z,5-14 years,0
Kuwait,Generation Z,5-14 years,0
Kuwait,Generation Z,5-14 years,3
Kuwait,Generation Z,5-14 years,2
Kuwait,Generation Z,5-14 years,1
Kuwait,Generation Z,5-14 years,0
Kuwait,Generation Z,5-14 years,0
Kuwait,Generation Z,5-14 years,0
Kuwait,Generation Z,5-14 years,0
Kuwait,Generation Z,5-14 years,0
Kyrgyzstan,Generation Z,5-14 years,20
Kyrgyzstan,Generation Z,5-14 years,10
Kyrgyzstan,Generation Z,5-14 years,19
Kyrgyzstan,Generation Z,5-14 years,0
Kyrgyzstan,Generation Z,5-14 years,8
Kyrgyzstan,Generation Z,5-14 years,4
Kyrgyzstan,Generation Z,5-14 years,8
Kyrgyzstan,Generation Z,5-14 years,4
Kyrgyzstan,Generation Z,5-14 years,10
Kyrgyzstan,Generation Z,5-14 years,5
Kyrgyzstan,Generation Z,5-14 years,15
Kyrgyzstan,Generation Z,5-14 years,3
Kyrgyzstan,Generation Z,5-14 years,21
Kyrgyzstan,Generation Z,5-14 years,11
Kyrgyzstan,Generation Z,5-14 years,16
Kyrgyzstan,Generation Z,5-14 years,8
Kyrgyzstan,Generation Z,5-14 years,18
Kyrgyzstan,Generation Z,5-14 years,7
Latvia,Generation Z,5-14 years,2
Latvia,Generation Z,5-14 years,1
Latvia,Generation Z,5-14 years,1
Latvia,Generation Z,5-14 years,1
Latvia,Generation Z,5-14 years,0
Latvia,Generation Z,5-14 years,0
Latvia,Generation Z,5-14 years,0
Latvia,Generation Z,5-14 years,0
Latvia,Generation Z,5-14 years,0
Latvia,Generation Z,5-14 years,0
Latvia,Generation Z,5-14 years,1
Latvia,Generation Z,5-14 years,0
Latvia,Generation Z,5-14 years,1
Latvia,Generation Z,5-14 years,0
Latvia,Generation Z,5-14 years,0
Latvia,Generation Z,5-14 years,0
Latvia,Generation Z,5-14 years,1
Latvia,Generation Z,5-14 years,0
Lithuania,Generation Z,5-14 years,4
Lithuania,Generation Z,5-14 years,4
Lithuania,Generation Z,5-14 years,2
Lithuania,Generation Z,5-14 years,0
Lithuania,Generation Z,5-14 years,3
Lithuania,Generation Z,5-14 years,2
Lithuania,Generation Z,5-14 years,1
Lithuania,Generation Z,5-14 years,1
Lithuania,Generation Z,5-14 years,1
Lithuania,Generation Z,5-14 years,1
Lithuania,Generation Z,5-14 years,3
Lithuania,Generation Z,5-14 years,0
Lithuania,Generation Z,5-14 years,3
Lithuania,Generation Z,5-14 years,2
Lithuania,Generation Z,5-14 years,3
Lithuania,Generation Z,5-14 years,2
Lithuania,Generation Z,5-14 years,3
Lithuania,Generation Z,5-14 years,2
Luxembourg,Generation Z,5-14 years,0
Luxembourg,Generation Z,5-14 years,0
Luxembourg,Generation Z,5-14 years,0
Luxembourg,Generation Z,5-14 years,0
Luxembourg,Generation Z,5-14 years,0
Luxembourg,Generation Z,5-14 years,0
Luxembourg,Generation Z,5-14 years,1
Luxembourg,Generation Z,5-14 years,0
Luxembourg,Generation Z,5-14 years,0
Luxembourg,Generation Z,5-14 years,0
Luxembourg,Generation Z,5-14 years,0
Luxembourg,Generation Z,5-14 years,0
Luxembourg,Generation Z,5-14 years,0
Luxembourg,Generation Z,5-14 years,0
Luxembourg,Generation Z,5-14 years,1
Luxembourg,Generation Z,5-14 years,0
Luxembourg,Generation Z,5-14 years,1
Luxembourg,Generation Z,5-14 years,0
Maldives,Generation Z,5-14 years,0
Maldives,Generation Z,5-14 years,0
Maldives,Generation Z,5-14 years,0
Maldives,Generation Z,5-14 years,0
Maldives,Generation Z,5-14 years,0
Maldives,Generation Z,5-14 years,0
Maldives,Generation Z,5-14 years,1
Maldives,Generation Z,5-14 years,0
Malta,Generation Z,5-14 years,0
Malta,Generation Z,5-14 years,0
Malta,Generation Z,5-14 years,0
Malta,Generation Z,5-14 years,0
Malta,Generation Z,5-14 years,0
Malta,Generation Z,5-14 years,0
Malta,Generation Z,5-14 years,0
Malta,Generation Z,5-14 years,0
Malta,Generation Z,5-14 years,0
Malta,Generation Z,5-14 years,0
Malta,Generation Z,5-14 years,0
Malta,Generation Z,5-14 years,0
Malta,Generation Z,5-14 years,1
Malta,Generation Z,5-14 years,0
Malta,Generation Z,5-14 years,1
Malta,Generation Z,5-14 years,0
Malta,Generation Z,5-14 years,0
Malta,Generation Z,5-14 years,0
Mauritius,Generation Z,5-14 years,1
Mauritius,Generation Z,5-14 years,0
Mauritius,Generation Z,5-14 years,1
Mauritius,Generation Z,5-14 years,0
Mauritius,Generation Z,5-14 years,3
Mauritius,Generation Z,5-14 years,1
Mauritius,Generation Z,5-14 years,0
Mauritius,Generation Z,5-14 years,0
Mauritius,Generation Z,5-14 years,1
Mauritius,Generation Z,5-14 years,0
Mauritius,Generation Z,5-14 years,2
Mauritius,Generation Z,5-14 years,1
Mauritius,Generation Z,5-14 years,2
Mauritius,Generation Z,5-14 years,0
Mauritius,Generation Z,5-14 years,3
Mauritius,Generation Z,5-14 years,0
Mauritius,Generation Z,5-14 years,0
Mauritius,Generation Z,5-14 years,0
Mexico,Generation Z,5-14 years,83
Mexico,Generation Z,5-14 years,53
Mexico,Generation Z,5-14 years,111
Mexico,Generation Z,5-14 years,73
Mexico,Generation Z,5-14 years,109
Mexico,Generation Z,5-14 years,81
Mexico,Generation Z,5-14 years,109
Mexico,Generation Z,5-14 years,73
Mexico,Generation Z,5-14 years,140
Mexico,Generation Z,5-14 years,107
Mexico,Generation Z,5-14 years,123
Mexico,Generation Z,5-14 years,79
Mexico,Generation Z,5-14 years,102
Mexico,Generation Z,5-14 years,66
Mexico,Generation Z,5-14 years,129
Mexico,Generation Z,5-14 years,109
Mexico,Generation Z,5-14 years,137
Mexico,Generation Z,5-14 years,95
Montenegro,Generation Z,5-14 years,1
Montenegro,Generation Z,5-14 years,0
Montenegro,Generation Z,5-14 years,3
Montenegro,Generation Z,5-14 years,0
Montenegro,Generation Z,5-14 years,1
Montenegro,Generation Z,5-14 years,0
Netherlands,Generation Z,5-14 years,5
Netherlands,Generation Z,5-14 years,4
Netherlands,Generation Z,5-14 years,5
Netherlands,Generation Z,5-14 years,0
Netherlands,Generation Z,5-14 years,6
Netherlands,Generation Z,5-14 years,2
Netherlands,Generation Z,5-14 years,5
Netherlands,Generation Z,5-14 years,1
Netherlands,Generation Z,5-14 years,3
Netherlands,Generation Z,5-14 years,1
Netherlands,Generation Z,5-14 years,4
Netherlands,Generation Z,5-14 years,2
Netherlands,Generation Z,5-14 years,4
Netherlands,Generation Z,5-14 years,3
Netherlands,Generation Z,5-14 years,1
Netherlands,Generation Z,5-14 years,1
Netherlands,Generation Z,5-14 years,6
Netherlands,Generation Z,5-14 years,1
New Zealand,Generation Z,5-14 years,1
New Zealand,Generation Z,5-14 years,1
New Zealand,Generation Z,5-14 years,3
New Zealand,Generation Z,5-14 years,2
New Zealand,Generation Z,5-14 years,6
New Zealand,Generation Z,5-14 years,4
New Zealand,Generation Z,5-14 years,3
New Zealand,Generation Z,5-14 years,3
New Zealand,Generation Z,5-14 years,3
New Zealand,Generation Z,5-14 years,3
New Zealand,Generation Z,5-14 years,7
New Zealand,Generation Z,5-14 years,5
New Zealand,Generation Z,5-14 years,2
New Zealand,Generation Z,5-14 years,0
Nicaragua,Generation Z,5-14 years,7
Nicaragua,Generation Z,5-14 years,5
Nicaragua,Generation Z,5-14 years,9
Nicaragua,Generation Z,5-14 years,9
Nicaragua,Generation Z,5-14 years,6
Nicaragua,Generation Z,5-14 years,6
Nicaragua,Generation Z,5-14 years,10
Nicaragua,Generation Z,5-14 years,1
Nicaragua,Generation Z,5-14 years,12
Nicaragua,Generation Z,5-14 years,3
Nicaragua,Generation Z,5-14 years,7
Nicaragua,Generation Z,5-14 years,5
Norway,Generation Z,5-14 years,2
Norway,Generation Z,5-14 years,0
Norway,Generation Z,5-14 years,1
Norway,Generation Z,5-14 years,0
Norway,Generation Z,5-14 years,3
Norway,Generation Z,5-14 years,1
Norway,Generation Z,5-14 years,1
Norway,Generation Z,5-14 years,0
Norway,Generation Z,5-14 years,4
Norway,Generation Z,5-14 years,3
Norway,Generation Z,5-14 years,1
Norway,Generation Z,5-14 years,1
Norway,Generation Z,5-14 years,1
Norway,Generation Z,5-14 years,0
Norway,Generation Z,5-14 years,2
Norway,Generation Z,5-14 years,1
Norway,Generation Z,5-14 years,2
Norway,Generation Z,5-14 years,2
Oman,Generation Z,5-14 years,0
Oman,Generation Z,5-14 years,0
Oman,Generation Z,5-14 years,0
Oman,Generation Z,5-14 years,0
Oman,Generation Z,5-14 years,0
Oman,Generation Z,5-14 years,0
Panama,Generation Z,5-14 years,2
Panama,Generation Z,5-14 years,0
Panama,Generation Z,5-14 years,5
Panama,Generation Z,5-14 years,2
Panama,Generation Z,5-14 years,3
Panama,Generation Z,5-14 years,1
Panama,Generation Z,5-14 years,0
Panama,Generation Z,5-14 years,0
Panama,Generation Z,5-14 years,1
Panama,Generation Z,5-14 years,0
Panama,Generation Z,5-14 years,1
Panama,Generation Z,5-14 years,0
Panama,Generation Z,5-14 years,3
Panama,Generation Z,5-14 years,1
Panama,Generation Z,5-14 years,5
Panama,Generation Z,5-14 years,1
Panama,Generation Z,5-14 years,1
Panama,Generation Z,5-14 years,0
Paraguay,Generation Z,5-14 years,9
Paraguay,Generation Z,5-14 years,5
Paraguay,Generation Z,5-14 years,7
Paraguay,Generation Z,5-14 years,2
Paraguay,Generation Z,5-14 years,5
Paraguay,Generation Z,5-14 years,5
Paraguay,Generation Z,5-14 years,3
Paraguay,Generation Z,5-14 years,2
Paraguay,Generation Z,5-14 years,7
Paraguay,Generation Z,5-14 years,6
Paraguay,Generation Z,5-14 years,10
Paraguay,Generation Z,5-14 years,7
Paraguay,Generation Z,5-14 years,14
Paraguay,Generation Z,5-14 years,8
Paraguay,Generation Z,5-14 years,12
Paraguay,Generation Z,5-14 years,10
Philippines,Generation Z,5-14 years,21
Philippines,Generation Z,5-14 years,13
Philippines,Generation Z,5-14 years,24
Philippines,Generation Z,5-14 years,22
Philippines,Generation Z,5-14 years,22
Philippines,Generation Z,5-14 years,16
Philippines,Generation Z,5-14 years,35
Philippines,Generation Z,5-14 years,17
Philippines,Generation Z,5-14 years,44
Philippines,Generation Z,5-14 years,29
Poland,Generation Z,5-14 years,19
Poland,Generation Z,5-14 years,12
Poland,Generation Z,5-14 years,20
Poland,Generation Z,5-14 years,8
Poland,Generation Z,5-14 years,25
Poland,Generation Z,5-14 years,13
Poland,Generation Z,5-14 years,10
Poland,Generation Z,5-14 years,6
Poland,Generation Z,5-14 years,17
Poland,Generation Z,5-14 years,4
Poland,Generation Z,5-14 years,12
Poland,Generation Z,5-14 years,4
Poland,Generation Z,5-14 years,16
Poland,Generation Z,5-14 years,7
Poland,Generation Z,5-14 years,9
Poland,Generation Z,5-14 years,4
Poland,Generation Z,5-14 years,12
Poland,Generation Z,5-14 years,7
Portugal,Generation Z,5-14 years,2
Portugal,Generation Z,5-14 years,0
Portugal,Generation Z,5-14 years,2
Portugal,Generation Z,5-14 years,0
Portugal,Generation Z,5-14 years,1
Portugal,Generation Z,5-14 years,0
Portugal,Generation Z,5-14 years,1
Portugal,Generation Z,5-14 years,1
Portugal,Generation Z,5-14 years,2
Portugal,Generation Z,5-14 years,0
Portugal,Generation Z,5-14 years,1
Portugal,Generation Z,5-14 years,0
Portugal,Generation Z,5-14 years,0
Portugal,Generation Z,5-14 years,0
Portugal,Generation Z,5-14 years,2
Portugal,Generation Z,5-14 years,0
Puerto Rico,Generation Z,5-14 years,3
Puerto Rico,Generation Z,5-14 years,0
Puerto Rico,Generation Z,5-14 years,1
Puerto Rico,Generation Z,5-14 years,0
Puerto Rico,Generation Z,5-14 years,1
Puerto Rico,Generation Z,5-14 years,0
Puerto Rico,Generation Z,5-14 years,0
Puerto Rico,Generation Z,5-14 years,0
Puerto Rico,Generation Z,5-14 years,2
Puerto Rico,Generation Z,5-14 years,1
Puerto Rico,Generation Z,5-14 years,2
Puerto Rico,Generation Z,5-14 years,0
Puerto Rico,Generation Z,5-14 years,1
Puerto Rico,Generation Z,5-14 years,1
Puerto Rico,Generation Z,5-14 years,2
Puerto Rico,Generation Z,5-14 years,0
Puerto Rico,Generation Z,5-14 years,1
Puerto Rico,Generation Z,5-14 years,0
Qatar,Generation Z,5-14 years,1
Qatar,Generation Z,5-14 years,0
Qatar,Generation Z,5-14 years,0
Qatar,Generation Z,5-14 years,0
Qatar,Generation Z,5-14 years,0
Qatar,Generation Z,5-14 years,0
Qatar,Generation Z,5-14 years,0
Qatar,Generation Z,5-14 years,0
Qatar,Generation Z,5-14 years,0
Qatar,Generation Z,5-14 years,0
Qatar,Generation Z,5-14 years,0
Qatar,Generation Z,5-14 years,0
Qatar,Generation Z,5-14 years,0
Qatar,Generation Z,5-14 years,0
Qatar,Generation Z,5-14 years,0
Qatar,Generation Z,5-14 years,0
Qatar,Generation Z,5-14 years,0
Qatar,Generation Z,5-14 years,0
Republic of Korea,Generation Z,5-14 years,28
Republic of Korea,Generation Z,5-14 years,25
Republic of Korea,Generation Z,5-14 years,26
Republic of Korea,Generation Z,5-14 years,23
Republic of Korea,Generation Z,5-14 years,42
Republic of Korea,Generation Z,5-14 years,39
Republic of Korea,Generation Z,5-14 years,34
Republic of Korea,Generation Z,5-14 years,27
Republic of Korea,Generation Z,5-14 years,30
Republic of Korea,Generation Z,5-14 years,26
Republic of Korea,Generation Z,5-14 years,28
Republic of Korea,Generation Z,5-14 years,20
Republic of Korea,Generation Z,5-14 years,21
Republic of Korea,Generation Z,5-14 years,16
Republic of Korea,Generation Z,5-14 years,22
Republic of Korea,Generation Z,5-14 years,11
Republic of Korea,Generation Z,5-14 years,17
Republic of Korea,Generation Z,5-14 years,14
Romania,Generation Z,5-14 years,13
Romania,Generation Z,5-14 years,7
Romania,Generation Z,5-14 years,17
Romania,Generation Z,5-14 years,7
Romania,Generation Z,5-14 years,14
Romania,Generation Z,5-14 years,10
Romania,Generation Z,5-14 years,11
Romania,Generation Z,5-14 years,5
Romania,Generation Z,5-14 years,16
Romania,Generation Z,5-14 years,3
Romania,Generation Z,5-14 years,11
Romania,Generation Z,5-14 years,5
Romania,Generation Z,5-14 years,8
Romania,Generation Z,5-14 years,6
Romania,Generation Z,5-14 years,11
Romania,Generation Z,5-14 years,3
Romania,Generation Z,5-14 years,11
Romania,Generation Z,5-14 years,4
Russian Federation,Generation Z,5-14 years,192
Russian Federation,Generation Z,5-14 years,69
Russian Federation,Generation Z,5-14 years,148
Russian Federation,Generation Z,5-14 years,90
Russian Federation,Generation Z,5-14 years,166
Russian Federation,Generation Z,5-14 years,78
Russian Federation,Generation Z,5-14 years,131
Russian Federation,Generation Z,5-14 years,64
Russian Federation,Generation Z,5-14 years,102
Russian Federation,Generation Z,5-14 years,67
Russian Federation,Generation Z,5-14 years,107
Russian Federation,Generation Z,5-14 years,65
Russian Federation,Generation Z,5-14 years,111
Russian Federation,Generation Z,5-14 years,54
Russian Federation,Generation Z,5-14 years,96
Russian Federation,Generation Z,5-14 years,44
Russian Federation,Generation Z,5-14 years,79
Russian Federation,Generation Z,5-14 years,57
Saint Lucia,Generation Z,5-14 years,0
Saint Lucia,Generation Z,5-14 years,0
Saint Lucia,Generation Z,5-14 years,0
Saint Lucia,Generation Z,5-14 years,0
Saint Lucia,Generation Z,5-14 years,0
Saint Lucia,Generation Z,5-14 years,0
Saint Lucia,Generation Z,5-14 years,0
Saint Lucia,Generation Z,5-14 years,0
Saint Lucia,Generation Z,5-14 years,1
Saint Lucia,Generation Z,5-14 years,0
Saint Lucia,Generation Z,5-14 years,1
Saint Lucia,Generation Z,5-14 years,0
Saint Lucia,Generation Z,5-14 years,0
Saint Lucia,Generation Z,5-14 years,0
Saint Vincent and Grenadines,Generation Z,5-14 years,0
Saint Vincent and Grenadines,Generation Z,5-14 years,0
Saint Vincent and Grenadines,Generation Z,5-14 years,0
Saint Vincent and Grenadines,Generation Z,5-14 years,0
Saint Vincent and Grenadines,Generation Z,5-14 years,0
Saint Vincent and Grenadines,Generation Z,5-14 years,0
Saint Vincent and Grenadines,Generation Z,5-14 years,1
Saint Vincent and Grenadines,Generation Z,5-14 years,0
Saint Vincent and Grenadines,Generation Z,5-14 years,0
Saint Vincent and Grenadines,Generation Z,5-14 years,0
Saint Vincent and Grenadines,Generation Z,5-14 years,0
Saint Vincent and Grenadines,Generation Z,5-14 years,0
Saint Vincent and Grenadines,Generation Z,5-14 years,0
Saint Vincent and Grenadines,Generation Z,5-14 years,0
Saint Vincent and Grenadines,Generation Z,5-14 years,0
Saint Vincent and Grenadines,Generation Z,5-14 years,0
Saint Vincent and Grenadines,Generation Z,5-14 years,1
Saint Vincent and Grenadines,Generation Z,5-14 years,0
Serbia,Generation Z,5-14 years,0
Serbia,Generation Z,5-14 years,0
Serbia,Generation Z,5-14 years,0
Serbia,Generation Z,5-14 years,0
Serbia,Generation Z,5-14 years,1
Serbia,Generation Z,5-14 years,0
Serbia,Generation Z,5-14 years,0
Serbia,Generation Z,5-14 years,0
Serbia,Generation Z,5-14 years,1
Serbia,Generation Z,5-14 years,1
Serbia,Generation Z,5-14 years,1
Serbia,Generation Z,5-14 years,0
Serbia,Generation Z,5-14 years,1
Serbia,Generation Z,5-14 years,0
Serbia,Generation Z,5-14 years,0
Serbia,Generation Z,5-14 years,0
Serbia,Generation Z,5-14 years,2
Serbia,Generation Z,5-14 years,1
Seychelles,Generation Z,5-14 years,0
Seychelles,Generation Z,5-14 years,0
Seychelles,Generation Z,5-14 years,0
Seychelles,Generation Z,5-14 years,0
Seychelles,Generation Z,5-14 years,0
Seychelles,Generation Z,5-14 years,0
Seychelles,Generation Z,5-14 years,0
Seychelles,Generation Z,5-14 years,0
Seychelles,Generation Z,5-14 years,0
Seychelles,Generation Z,5-14 years,0
Seychelles,Generation Z,5-14 years,0
Seychelles,Generation Z,5-14 years,0
Seychelles,Generation Z,5-14 years,0
Seychelles,Generation Z,5-14 years,0
Seychelles,Generation Z,5-14 years,0
Seychelles,Generation Z,5-14 years,0
Seychelles,Generation Z,5-14 years,0
Seychelles,Generation Z,5-14 years,0
Singapore,Generation Z,5-14 years,0
Singapore,Generation Z,5-14 years,0
Singapore,Generation Z,5-14 years,1
Singapore,Generation Z,5-14 years,0
Singapore,Generation Z,5-14 years,3
Singapore,Generation Z,5-14 years,2
Singapore,Generation Z,5-14 years,1
Singapore,Generation Z,5-14 years,0
Singapore,Generation Z,5-14 years,0
Singapore,Generation Z,5-14 years,0
Singapore,Generation Z,5-14 years,1
Singapore,Generation Z,5-14 years,1
Singapore,Generation Z,5-14 years,0
Singapore,Generation Z,5-14 years,0
Singapore,Generation Z,5-14 years,1
Singapore,Generation Z,5-14 years,1
Singapore,Generation Z,5-14 years,2
Singapore,Generation Z,5-14 years,1
Slovakia,Generation Z,5-14 years,0
Slovakia,Generation Z,5-14 years,0
Slovakia,Generation Z,5-14 years,1
Slovakia,Generation Z,5-14 years,0
Slovakia,Generation Z,5-14 years,0
Slovakia,Generation Z,5-14 years,0
Slovakia,Generation Z,5-14 years,4
Slovakia,Generation Z,5-14 years,1
Slovakia,Generation Z,5-14 years,2
Slovakia,Generation Z,5-14 years,0
Slovakia,Generation Z,5-14 years,1
Slovakia,Generation Z,5-14 years,0
Slovakia,Generation Z,5-14 years,0
Slovakia,Generation Z,5-14 years,0
Slovenia,Generation Z,5-14 years,0
Slovenia,Generation Z,5-14 years,0
Slovenia,Generation Z,5-14 years,0
Slovenia,Generation Z,5-14 years,0
Slovenia,Generation Z,5-14 years,0
Slovenia,Generation Z,5-14 years,0
Slovenia,Generation Z,5-14 years,2
Slovenia,Generation Z,5-14 years,0
Slovenia,Generation Z,5-14 years,0
Slovenia,Generation Z,5-14 years,0
Slovenia,Generation Z,5-14 years,1
Slovenia,Generation Z,5-14 years,0
Slovenia,Generation Z,5-14 years,1
Slovenia,Generation Z,5-14 years,0
Slovenia,Generation Z,5-14 years,1
Slovenia,Generation Z,5-14 years,0
Slovenia,Generation Z,5-14 years,1
Slovenia,Generation Z,5-14 years,0
South Africa,Generation Z,5-14 years,6
South Africa,Generation Z,5-14 years,2
South Africa,Generation Z,5-14 years,4
South Africa,Generation Z,5-14 years,3
South Africa,Generation Z,5-14 years,6
South Africa,Generation Z,5-14 years,2
South Africa,Generation Z,5-14 years,8
South Africa,Generation Z,5-14 years,2
South Africa,Generation Z,5-14 years,2
South Africa,Generation Z,5-14 years,1
South Africa,Generation Z,5-14 years,7
South Africa,Generation Z,5-14 years,7
South Africa,Generation Z,5-14 years,8
South Africa,Generation Z,5-14 years,7
South Africa,Generation Z,5-14 years,4
South Africa,Generation Z,5-14 years,3
South Africa,Generation Z,5-14 years,11
South Africa,Generation Z,5-14 years,6
Spain,Generation Z,5-14 years,7
Spain,Generation Z,5-14 years,5
Spain,Generation Z,5-14 years,2
Spain,Generation Z,5-14 years,2
Spain,Generation Z,5-14 years,7
Spain,Generation Z,5-14 years,1
Spain,Generation Z,5-14 years,3
Spain,Generation Z,5-14 years,0
Spain,Generation Z,5-14 years,1
Spain,Generation Z,5-14 years,1
Spain,Generation Z,5-14 years,4
Spain,Generation Z,5-14 years,1
Spain,Generation Z,5-14 years,6
Spain,Generation Z,5-14 years,3
Spain,Generation Z,5-14 years,6
Spain,Generation Z,5-14 years,4
Spain,Generation Z,5-14 years,7
Spain,Generation Z,5-14 years,1
Suriname,Generation Z,5-14 years,3
Suriname,Generation Z,5-14 years,3
Suriname,Generation Z,5-14 years,3
Suriname,Generation Z,5-14 years,1
Suriname,Generation Z,5-14 years,3
Suriname,Generation Z,5-14 years,1
Suriname,Generation Z,5-14 years,4
Suriname,Generation Z,5-14 years,2
Suriname,Generation Z,5-14 years,2
Suriname,Generation Z,5-14 years,0
Suriname,Generation Z,5-14 years,3
Suriname,Generation Z,5-14 years,0
Suriname,Generation Z,5-14 years,3
Suriname,Generation Z,5-14 years,1
Suriname,Generation Z,5-14 years,2
Suriname,Generation Z,5-14 years,2
Sweden,Generation Z,5-14 years,5
Sweden,Generation Z,5-14 years,2
Sweden,Generation Z,5-14 years,4
Sweden,Generation Z,5-14 years,0
Sweden,Generation Z,5-14 years,3
Sweden,Generation Z,5-14 years,3
Sweden,Generation Z,5-14 years,2
Sweden,Generation Z,5-14 years,1
Sweden,Generation Z,5-14 years,3
Sweden,Generation Z,5-14 years,2
Sweden,Generation Z,5-14 years,4
Sweden,Generation Z,5-14 years,1
Sweden,Generation Z,5-14 years,3
Sweden,Generation Z,5-14 years,1
Sweden,Generation Z,5-14 years,4
Sweden,Generation Z,5-14 years,2
Sweden,Generation Z,5-14 years,5
Sweden,Generation Z,5-14 years,3
Switzerland,Generation Z,5-14 years,3
Switzerland,Generation Z,5-14 years,1
Switzerland,Generation Z,5-14 years,1
Switzerland,Generation Z,5-14 years,0
Switzerland,Generation Z,5-14 years,3
Switzerland,Generation Z,5-14 years,1
Switzerland,Generation Z,5-14 years,2
Switzerland,Generation Z,5-14 years,0
Switzerland,Generation Z,5-14 years,2
Switzerland,Generation Z,5-14 years,1
Switzerland,Generation Z,5-14 years,3
Switzerland,Generation Z,5-14 years,0
Switzerland,Generation Z,5-14 years,2
Switzerland,Generation Z,5-14 years,1
Switzerland,Generation Z,5-14 years,2
Switzerland,Generation Z,5-14 years,2
Switzerland,Generation Z,5-14 years,2
Switzerland,Generation Z,5-14 years,2
Thailand,Generation Z,5-14 years,16
Thailand,Generation Z,5-14 years,9
Thailand,Generation Z,5-14 years,13
Thailand,Generation Z,5-14 years,11
Thailand,Generation Z,5-14 years,20
Thailand,Generation Z,5-14 years,17
Thailand,Generation Z,5-14 years,16
Thailand,Generation Z,5-14 years,14
Thailand,Generation Z,5-14 years,19
Thailand,Generation Z,5-14 years,12
Thailand,Generation Z,5-14 years,14
Thailand,Generation Z,5-14 years,14
Thailand,Generation Z,5-14 years,17
Thailand,Generation Z,5-14 years,6
Thailand,Generation Z,5-14 years,14
Thailand,Generation Z,5-14 years,12
Thailand,Generation Z,5-14 years,14
Thailand,Generation Z,5-14 years,12
Trinidad and Tobago,Generation Z,5-14 years,1
Trinidad and Tobago,Generation Z,5-14 years,0
Trinidad and Tobago,Generation Z,5-14 years,1
Trinidad and Tobago,Generation Z,5-14 years,0
Trinidad and Tobago,Generation Z,5-14 years,1
Trinidad and Tobago,Generation Z,5-14 years,0
Trinidad and Tobago,Generation Z,5-14 years,1
Trinidad and Tobago,Generation Z,5-14 years,1
Trinidad and Tobago,Generation Z,5-14 years,2
Trinidad and Tobago,Generation Z,5-14 years,0
Turkey,Generation Z,5-14 years,23
Turkey,Generation Z,5-14 years,18
Turkey,Generation Z,5-14 years,27
Turkey,Generation Z,5-14 years,25
Turkey,Generation Z,5-14 years,23
Turkey,Generation Z,5-14 years,20
Turkey,Generation Z,5-14 years,24
Turkey,Generation Z,5-14 years,15
Turkey,Generation Z,5-14 years,23
Turkey,Generation Z,5-14 years,17
Turkey,Generation Z,5-14 years,21
Turkey,Generation Z,5-14 years,18
Turkey,Generation Z,5-14 years,18
Turkey,Generation Z,5-14 years,18
Turkmenistan,Generation Z,5-14 years,8
Turkmenistan,Generation Z,5-14 years,4
Turkmenistan,Generation Z,5-14 years,6
Turkmenistan,Generation Z,5-14 years,6
Turkmenistan,Generation Z,5-14 years,8
Turkmenistan,Generation Z,5-14 years,2
Turkmenistan,Generation Z,5-14 years,5
Turkmenistan,Generation Z,5-14 years,2
Turkmenistan,Generation Z,5-14 years,2
Turkmenistan,Generation Z,5-14 years,1
Turkmenistan,Generation Z,5-14 years,2
Turkmenistan,Generation Z,5-14 years,2
Turkmenistan,Generation Z,5-14 years,0
Turkmenistan,Generation Z,5-14 years,0
Turkmenistan,Generation Z,5-14 years,3
Turkmenistan,Generation Z,5-14 years,0
Turkmenistan,Generation Z,5-14 years,1
Turkmenistan,Generation Z,5-14 years,0
Ukraine,Generation Z,5-14 years,39
Ukraine,Generation Z,5-14 years,11
Ukraine,Generation Z,5-14 years,36
Ukraine,Generation Z,5-14 years,17
Ukraine,Generation Z,5-14 years,34
Ukraine,Generation Z,5-14 years,19
Ukraine,Generation Z,5-14 years,35
Ukraine,Generation Z,5-14 years,15
Ukraine,Generation Z,5-14 years,46
Ukraine,Generation Z,5-14 years,20
Ukraine,Generation Z,5-14 years,35
Ukraine,Generation Z,5-14 years,20
Ukraine,Generation Z,5-14 years,21
Ukraine,Generation Z,5-14 years,14
Ukraine,Generation Z,5-14 years,33
Ukraine,Generation Z,5-14 years,19
United Arab Emirates,Generation Z,5-14 years,0
United Arab Emirates,Generation Z,5-14 years,0
United Arab Emirates,Generation Z,5-14 years,0
United Arab Emirates,Generation Z,5-14 years,0
United Arab Emirates,Generation Z,5-14 years,2
United Arab Emirates,Generation Z,5-14 years,0
United Arab Emirates,Generation Z,5-14 years,0
United Arab Emirates,Generation Z,5-14 years,0
United Kingdom,Generation Z,5-14 years,10
United Kingdom,Generation Z,5-14 years,4
United Kingdom,Generation Z,5-14 years,7
United Kingdom,Generation Z,5-14 years,6
United Kingdom,Generation Z,5-14 years,4
United Kingdom,Generation Z,5-14 years,3
United Kingdom,Generation Z,5-14 years,3
United Kingdom,Generation Z,5-14 years,1
United Kingdom,Generation Z,5-14 years,8
United Kingdom,Generation Z,5-14 years,4
United Kingdom,Generation Z,5-14 years,10
United Kingdom,Generation Z,5-14 years,2
United Kingdom,Generation Z,5-14 years,5
United Kingdom,Generation Z,5-14 years,4
United Kingdom,Generation Z,5-14 years,7
United Kingdom,Generation Z,5-14 years,6
United Kingdom,Generation Z,5-14 years,6
United Kingdom,Generation Z,5-14 years,4
United States,Generation Z,5-14 years,131
United States,Generation Z,5-14 years,53
United States,Generation Z,5-14 years,154
United States,Generation Z,5-14 years,68
United States,Generation Z,5-14 years,175
United States,Generation Z,5-14 years,90
United States,Generation Z,5-14 years,187
United States,Generation Z,5-14 years,87
United States,Generation Z,5-14 years,201
United States,Generation Z,5-14 years,86
United States,Generation Z,5-14 years,226
United States,Generation Z,5-14 years,85
United States,Generation Z,5-14 years,252
United States,Generation Z,5-14 years,143
United States,Generation Z,5-14 years,277
United States,Generation Z,5-14 years,151
United States,Generation Z,5-14 years,255
United States,Generation Z,5-14 years,158
Uruguay,Generation Z,5-14 years,6
Uruguay,Generation Z,5-14 years,0
Uruguay,Generation Z,5-14 years,3
Uruguay,Generation Z,5-14 years,2
Uruguay,Generation Z,5-14 years,1
Uruguay,Generation Z,5-14 years,0
Uruguay,Generation Z,5-14 years,3
Uruguay,Generation Z,5-14 years,1
Uruguay,Generation Z,5-14 years,2
Uruguay,Generation Z,5-14 years,1
Uruguay,Generation Z,5-14 years,5
Uruguay,Generation Z,5-14 years,3
Uruguay,Generation Z,5-14 years,1
Uruguay,Generation Z,5-14 years,0
Uruguay,Generation Z,5-14 years,3
Uruguay,Generation Z,5-14 years,2
Uzbekistan,Generation Z,5-14 years,37
Uzbekistan,Generation Z,5-14 years,18
Uzbekistan,Generation Z,5-14 years,48
Uzbekistan,Generation Z,5-14 years,30
Uzbekistan,Generation Z,5-14 years,45
Uzbekistan,Generation Z,5-14 years,28
Uzbekistan,Generation Z,5-14 years,67
Uzbekistan,Generation Z,5-14 years,16
Uzbekistan,Generation Z,5-14 years,61
Uzbekistan,Generation Z,5-14 years,31
Uzbekistan,Generation Z,5-14 years,60
Uzbekistan,Generation Z,5-14 years,44
